The Des Moines Register,43930,News,14 retailers with flexible return policies during the coronavirus pandemic,Covid19,1792084,neutral,0,Medium,,,,,https://www.desmoinesregister.com/story/tech/reviewedcom/2020/04/09/14-retailers-with-flexible-return-policies-during-the-coronavirus-pandemic/5122241002/
News Leader,43930,News,14 retailers with flexible return policies during the coronavirus pandemic,Covid19,95832,neutral,0,Low,,,,,https://www.newsleader.com/story/tech/reviewedcom/2020/04/09/14-retailers-with-flexible-return-policies-during-the-coronavirus-pandemic/5122241002/
Green Bay Press-Gazette,43930,News,14 retailers with flexible return policies during the coronavirus pandemic,Covid19,275134,neutral,0,Low,,,,,http://www.greenbaypressgazette.com/story/tech/reviewedcom/2020/04/09/14-retailers-with-flexible-return-policies-during-the-coronavirus-pandemic/5122241002/
Delmarva Now,43930,News,14 retailers with flexible return policies during the coronavirus pandemic,Covid19,228699,neutral,0,Low,,,,,https://www.delmarvanow.com/story/tech/reviewedcom/2020/04/09/14-retailers-with-flexible-return-policies-during-the-coronavirus-pandemic/5122241002/
Wisconsin State Farmer,43930,News,14 retailers with flexible return policies during the coronavirus pandemic,Covid19,13060,neutral,0,Low,,,,,http://www.wisfarmer.com//story/tech/reviewedcom/2020/04/09/14-retailers-with-flexible-return-policies-during-the-coronavirus-pandemic/5122241002/
Black Mountain News,43930,News,14 retailers with flexible return policies during the coronavirus pandemic,Covid19,1531,neutral,0,Low,,,,,http://www.blackmountainnews.com/story/tech/reviewedcom/2020/04/09/14-retailers-with-flexible-return-policies-during-the-coronavirus-pandemic/5122241002/
Leaf Chronicle,43930,News,14 retailers with flexible return policies during the coronavirus pandemic,Covid19,76192,neutral,0,Low,,,,,http://www.theleafchronicle.com/story/tech/reviewedcom/2020/04/09/14-retailers-with-flexible-return-policies-during-the-coronavirus-pandemic/5122241002/
Detroit Free Press,43930,News,14 retailers with flexible return policies during the coronavirus pandemic,Covid19,3583154,neutral,0,Medium,,,,,https://www.freep.com/story/tech/reviewedcom/2020/04/09/14-retailers-with-flexible-return-policies-during-the-coronavirus-pandemic/5122241002/
The Town Talk,43930,News,14 retailers with flexible return policies during the coronavirus pandemic,Covid19,45128,neutral,0,Low,,,,,http://www.thetowntalk.com/story/tech/reviewedcom/2020/04/09/14-retailers-with-flexible-return-policies-during-the-coronavirus-pandemic/5122241002/
News Star,43930,News,14 retailers with flexible return policies during the coronavirus pandemic,Covid19,80537,neutral,0,Low,,,,,https://www.thenewsstar.com/story/tech/reviewedcom/2020/04/09/14-retailers-with-flexible-return-policies-during-the-coronavirus-pandemic/5122241002/
Palladium-Item,43930,News,14 retailers with flexible return policies during the coronavirus pandemic,Covid19,59242,neutral,0,Low,,,,,http://www.pal-item.com//story/tech/reviewedcom/2020/04/09/14-retailers-with-flexible-return-policies-during-the-coronavirus-pandemic/5122241002/
Public Opinion,43930,News,14 retailers with flexible return policies during the coronavirus pandemic,Covid19,30368,neutral,0,Low,,,,,http://www.publicopiniononline.com/story/tech/reviewedcom/2020/04/09/14-retailers-with-flexible-return-policies-during-the-coronavirus-pandemic/5122241002/
Mansfield News Journal,43930,News,14 retailers with flexible return policies during the coronavirus pandemic,Covid19,84978,neutral,0,Low,,,,,http://www.mansfieldnewsjournal.com/story/tech/reviewedcom/2020/04/09/14-retailers-with-flexible-return-policies-during-the-coronavirus-pandemic/5122241002/
Daily News Journal,43930,News,14 retailers with flexible return policies during the coronavirus pandemic,Covid19,104177,neutral,0,Low,,,,,http://www.dnj.com/story/tech/reviewedcom/2020/04/09/14-retailers-with-flexible-return-policies-during-the-coronavirus-pandemic/5122241002/
Great Falls Tribune,43930,News,14 retailers with flexible return policies during the coronavirus pandemic,Covid19,158623,neutral,0,Low,,,,,https://www.greatfallstribune.com/story/tech/reviewedcom/2020/04/09/14-retailers-with-flexible-return-policies-during-the-coronavirus-pandemic/5122241002/
Livingston Daily,43930,News,14 retailers with flexible return policies during the coronavirus pandemic,Covid19,64091,neutral,0,Low,,,,,https://www.livingstondaily.com/story/tech/reviewedcom/2020/04/09/14-retailers-with-flexible-return-policies-during-the-coronavirus-pandemic/5122241002/
Evening Sun,43930,News,14 retailers with flexible return policies during the coronavirus pandemic,Covid19,29517,neutral,0,Low,,,,,http://www.eveningsun.com/story/tech/reviewedcom/2020/04/09/14-retailers-with-flexible-return-policies-during-the-coronavirus-pandemic/5122241002/
The Daily Journal,43930,News,14 retailers with flexible return policies during the coronavirus pandemic,Covid19,55354,neutral,0,Low,,,,,http://www.thedailyjournal.com/story/tech/reviewedcom/2020/04/09/14-retailers-with-flexible-return-policies-during-the-coronavirus-pandemic/5122241002/
Press-Citizen,43930,News,14 retailers with flexible return policies during the coronavirus pandemic,Covid19,114436,neutral,0,Low,,,,,http://www.press-citizen.com/story/tech/reviewedcom/2020/04/09/14-retailers-with-flexible-return-policies-during-the-coronavirus-pandemic/5122241002/
IndyStar,43930,News,14 retailers with flexible return policies during the coronavirus pandemic,Covid19,1707486,neutral,0,Medium,,,,,https://www.indystar.com/story/tech/reviewedcom/2020/04/09/14-retailers-with-flexible-return-policies-during-the-coronavirus-pandemic/5122241002/
USA Today,43930,News,14 retailers with flexible return policies during the coronavirus pandemic,Covid19,58230321,neutral,0,Medium,,,,,https://www.usatoday.com/story/tech/reviewedcom/2020/04/09/14-retailers-with-flexible-return-policies-during-the-coronavirus-pandemic/5122241002/
Jackson Sun,43930,News,14 retailers with flexible return policies during the coronavirus pandemic,Covid19,88380,neutral,0,Low,,,,,http://www.jacksonsun.com/story/tech/reviewedcom/2020/04/09/14-retailers-with-flexible-return-policies-during-the-coronavirus-pandemic/5122241002/
Coloradoan,43930,News,14 retailers with flexible return policies during the coronavirus pandemic,Covid19,327080,neutral,0,Low,,,,,http://www.coloradoan.com/story/tech/reviewedcom/2020/04/09/14-retailers-with-flexible-return-policies-during-the-coronavirus-pandemic/5122241002/
Kitsap Sun,43930,News,Reviewed 14 retailers with flexible return policies during the coronavirus pandemic,Covid19,289736,neutral,0,Low,,,,,http://www.kitsapsun.com/story/tech/reviewedcom/2020/04/09/14-retailers-with-flexible-return-policies-during-the-coronavirus-pandemic/5122241002/
Chillicothe Gazette,43930,News,14 retailers with flexible return policies during the coronavirus pandemic,Covid19,27838,neutral,0,Low,,,,,http://www.chillicothegazette.com/story/tech/reviewedcom/2020/04/09/14-retailers-with-flexible-return-policies-during-the-coronavirus-pandemic/5122241002/
Greenville News,43930,News,14 retailers with flexible return policies during the coronavirus pandemic,Covid19,595408,neutral,0,Low,,,,,http://www.greenvilleonline.com/story/tech/reviewedcom/2020/04/09/14-retailers-with-flexible-return-policies-during-the-coronavirus-pandemic/5122241002/
The Daily Advertiser,43930,News,14 retailers with flexible return policies during the coronavirus pandemic,Covid19,191565,neutral,0,Low,,,,,http://www.theadvertiser.com/story/tech/reviewedcom/2020/04/09/14-retailers-with-flexible-return-policies-during-the-coronavirus-pandemic/5122241002/
Women's Wear Daily,43930,News,"Coronavirus Impact: Ulta Beauty Furloughs Store, Salon Workers",Covid19,750120,neutral,0,Low,,,,,https://wwd.com/business-news/retail/ulta-beauty-furloughs-store-salon-employees-1203558013/
Retail Dive,43930,News,Ulta furloughs store and salon associates as store closures extend,Covid19,262063,neutral,0,Low,,,,,https://www.retaildive.com/news/ulta-furloughs-store-and-salon-associates-as-store-closures-extend/575810/
Springfield News-Leader,43930,News,14 retailers offering more flexible return policies,Covid19,842102,neutral,0,Low,,,,,http://www.news-leader.com/story/tech/reviewedcom/2020/04/09/14-retailers-with-flexible-return-policies-during-the-coronavirus-pandemic/5122241002/
Pensacola News Journal,43930,News,14 retailers offering more flexible return policies,Covid19,302872,neutral,0,Low,,,,,http://www.pnj.com/story/tech/reviewedcom/2020/04/09/14-retailers-with-flexible-return-policies-during-the-coronavirus-pandemic/5122241002/
Saint George Spectrum,43930,News,14 retailers offering more flexible return policies,Covid19,168262,neutral,0,Low,,,,,https://www.thespectrum.com/story/tech/reviewedcom/2020/04/09/14-retailers-with-flexible-return-policies-during-the-coronavirus-pandemic/5122241002/
www.poughkeepsiejournal.com,43930,News,14 retailers offering more flexible return policies,Covid19,193005,neutral,0,Low,,,,,http://www.poughkeepsiejournal.com/story/tech/reviewedcom/2020/04/09/14-retailers-with-flexible-return-policies-during-the-coronavirus-pandemic/5122241002/
Statesman Journal,43930,News,14 retailers offering more flexible return policies,Covid19,261212,neutral,0,Low,,,,,http://www.statesmanjournal.com/story/tech/reviewedcom/2020/04/09/14-retailers-with-flexible-return-policies-during-the-coronavirus-pandemic/5122241002/
NorthJersey.com,43930,News,14 retailers with flexible return policies during the coronavirus pandemic,Covid19,2444316,neutral,0,Medium,,,,,https://www.northjersey.com/story/tech/reviewedcom/2020/04/09/14-retailers-with-flexible-return-policies-during-the-coronavirus-pandemic/5122241002/
People.com,43930,News,"50+ Stores Offering Free Shipping, Extended Returns, and More Incredible Offers Right Now",Covid19,,neutral,N/A,Low,,,,,https://people.com/lifestyle/stores-with-free-shipping-coronavirus-shopping/
Greenwood Democrat,43931,News,14 retailers with flexible return policies during the coronavirus pandemic,Covid19,993,neutral,0,Low,,,,,https://www.greenwooddemocrat.com/zz/lifestyle/20200410/14-retailers-with-flexible-return-policies-during-coronavirus-pandemic?rssfeed=true
www.oakridger.com,43931,News,"14 retailers with flexible return policies during the coronavirus pandemic - Lifestyle - Oakridger - Oak Ridge, TN - Oak Ridge, TN",Covid19,21210,neutral,0,Low,,,,,https://www.oakridger.com/zz/lifestyle/20200410/14-retailers-with-flexible-return-policies-during-coronavirus-pandemic?rssfeed=true
Booneville Democrat,43931,News,"14 retailers with flexible return policies during the coronavirus pandemic - Lifestyle - Booneville Democrat - Booneville, AR",Covid19,5247,neutral,0,Low,,,,,https://www.boonevilledemocrat.com/zz/lifestyle/20200410/14-retailers-with-flexible-return-policies-during-coronavirus-pandemic?rssfeed=true
Ocala.com,43931,News,14 retailers with flexible return policies during the coronavirus pandemic,Covid19,179177,neutral,0,Low,,,,,https://www.ocala.com/zz/lifestyle/20200410/14-retailers-with-flexible-return-policies-during-coronavirus-pandemic?rssfeed=true
Dover Post,43931,News,"14 retailers with flexible return policies during the coronavirus pandemic - Lifestyle - Dover Post - Dover, DE",Covid19,39712,neutral,0,Low,,,,,https://www.doverpost.com/zz/lifestyle/20200410/14-retailers-with-flexible-return-policies-during-coronavirus-pandemic?rssfeed=true
The Courier-Tribune,43931,News,14 retailers with flexible return policies during the coronavirus pandemic,Covid19,58838,neutral,0,Low,,,,,https://www.courier-tribune.com/zz/lifestyle/20200410/14-retailers-with-flexible-return-policies-during-coronavirus-pandemic?rssfeed=true
The Glen Rose Reporter,43931,News,"14 retailers with flexible return policies during the coronavirus pandemic - Lifestyle - The Glen Rose Reporter - Glen Rose, TX",Covid19,13248,neutral,0,Low,,,,,https://www.yourglenrosetx.com/zz/lifestyle/20200410/14-retailers-with-flexible-return-policies-during-coronavirus-pandemic?rssfeed=true
the-dispatch.com,43931,News,"14 retailers with flexible return policies during the coronavirus pandemic - Lifestyle - The Dispatch - Lexington, NC",Covid19,97783,neutral,0,Low,,,,,https://www.the-dispatch.com/zz/lifestyle/20200410/14-retailers-with-flexible-return-policies-during-coronavirus-pandemic?rssfeed=true
Coastcontact,43931,Blog,The End of The Shopping Mall?,Covid19,794,neutral,0,Low,,,,,https://coastcontact.wordpress.com/2020/04/10/the-end-of-the-shopping-mall/
Fashionista,43931,Blog,"Must Read: What's the Point of a Fashion Magazine Now?, How 5 Very Different Brands Are Handling E-Commerce",Covid19,705179,negative,0,Low,,,,,https://fashionista.com/2020/04/fashion-magazines-during-coronavirus
Business of Fashion,43931,News,Beauty Booms in the Zoom Era,Covid19,577000,neutral,N/A,Medium,,,,,https://www.businessoffashion.com/articles/professional/beauty-booms-in-the-zoom-era
WMCActionNews5.com,43931,News,Sephora closes Olive Branch warehouse after employee tests positive for COVID-19,Covid19,620089,positive,0,Low,,,,,https://www.wmcactionnews5.com/2020/04/10/sephora-closes-olive-branch-warehouse-after-employee-tests-positive-covid-/
The Daily Herald,43931,News,14 retailers with flexible return policies during the coronavirus pandemic,Covid19,59218,neutral,0,Low,,,,,https://www.columbiadailyherald.com/zz/lifestyle/20200410/14-retailers-with-flexible-return-policies-during-coronavirus-pandemic?rssfeed=true
Women's Wear Daily,43931,News,Coronavirus Causes Beauty Sales to Shift Online,Covid19,746846,neutral,0,Low,,,,Media Relations,https://wwd.com/beauty-industry-news/beauty-features/coronavirus-beauty-ecommerce-sales-increase-1203556144/
Salina Journal,43931,News,14 retailers with flexible return policies during the coronavirus pandemic,Covid19,54928,neutral,0,Low,,,,,https://www.salina.com/zz/lifestyle/20200410/14-retailers-with-flexible-return-policies-during-coronavirus-pandemic?rssfeed=true
Tuscaloosa News,43931,News,14 retailers with flexible return policies during the coronavirus pandemic,Covid19,134740,neutral,0,Low,,,,,https://www.tuscaloosanews.com/zz/lifestyle/20200410/14-retailers-with-flexible-return-policies-during-coronavirus-pandemic?rssfeed=true
ApalachTimes.com,43931,News,14 retailers with flexible return policies during the coronavirus pandemic,Covid19,22381,neutral,0,Low,,,,,https://www.apalachtimes.com/zz/lifestyle/20200410/14-retailers-with-flexible-return-policies-during-coronavirus-pandemic?rssfeed=true
The Topeka Capital-Journal,43931,News,14 retailers with flexible return policies during the coronavirus pandemic,Covid19,283319,neutral,0,Low,,,,,https://www.cjonline.com/zz/lifestyle/20200410/14-retailers-with-flexible-return-policies-during-coronavirus-pandemic?rssfeed=true
Gadsden Times,43931,News,14 retailers with flexible return policies during the coronavirus pandemic,Covid19,121774,neutral,0,Low,,,,,https://www.gadsdentimes.com/zz/lifestyle/20200410/14-retailers-with-flexible-return-policies-during-coronavirus-pandemic?rssfeed=true
Nebraska City News Press,43931,News,14 retailers with flexible return policies during the coronavirus pandemic,Covid19,8757,neutral,0,Low,,,,,https://www.ncnewspress.com/zz/lifestyle/20200410/14-retailers-with-flexible-return-policies-during-coronavirus-pandemic?rssfeed=true
Daily Leader,43931,News,14 retailers with flexible return policies during the coronavirus pandemic,Covid19,10596,neutral,0,Low,,,,,https://www.pontiacdailyleader.com/zz/lifestyle/20200410/14-retailers-with-flexible-return-policies-during-coronavirus-pandemic?rssfeed=true
Dodge City Daily Globe,43931,News,14 retailers with flexible return policies during the coronavirus pandemic,Covid19,8993,neutral,0,Low,,,,,https://www.dodgeglobe.com/zz/lifestyle/20200410/14-retailers-with-flexible-return-policies-during-coronavirus-pandemic?rssfeed=true
Walton Sun,43931,News,14 retailers with flexible return policies during the coronavirus pandemic,Covid19,71663,neutral,0,Low,,,,,https://www.waltonsun.com/zz/lifestyle/20200410/14-retailers-with-flexible-return-policies-during-coronavirus-pandemic?rssfeed=true
Woodford Times,43931,News,14 retailers with flexible return policies during the coronavirus pandemic,Covid19,993,neutral,0,Low,,,,,https://www.woodfordtimes.com/zz/lifestyle/20200410/14-retailers-with-flexible-return-policies-during-coronavirus-pandemic?rssfeed=true
Runnels County Register,43931,News,14 retailers with flexible return policies during the coronavirus pandemic,Covid19,2565,neutral,0,Low,,,,,https://www.runnelscountyregister.com/zz/lifestyle/20200410/14-retailers-with-flexible-return-policies-during-coronavirus-pandemic
Aurora Advertiser,43931,News,14 retailers with flexible return policies during the coronavirus pandemic,Covid19,1956,neutral,0,Low,,,,,https://www.auroraadvertiser.net/zz/lifestyle/20200410/14-retailers-with-flexible-return-policies-during-coronavirus-pandemic?rssfeed=true
The Destin Log,43931,News,14 retailers with flexible return policies during the coronavirus pandemic,Covid19,81807,neutral,0,Low,,,,,https://www.thedestinlog.com/zz/lifestyle/20200410/14-retailers-with-flexible-return-policies-during-coronavirus-pandemic?rssfeed=true
Teutopolis Press,43931,News,14 retailers with flexible return policies during the coronavirus pandemic,Covid19,389,neutral,0,Low,,,,,https://www.teutopolispress.com/zz/lifestyle/20200410/14-retailers-with-flexible-return-policies-during-coronavirus-pandemic?rssfeed=true
www.pressargus.com,43931,News,14 retailers with flexible return policies during the coronavirus pandemic,Covid19,4042,neutral,0,Low,,,,,https://www.pressargus.com/zz/lifestyle/20200410/14-retailers-with-flexible-return-policies-during-coronavirus-pandemic?rssfeed=true
Burlington Hawk Eye,43931,News,14 retailers with flexible return policies during the coronavirus pandemic,Covid19,50964,neutral,0,Low,,,,,https://www.thehawkeye.com/zz/lifestyle/20200410/14-retailers-with-flexible-return-policies-during-coronavirus-pandemic?rssfeed=true
Valley Town Crier,43931,News,14 retailers with flexible return policies during the coronavirus pandemic,Covid19,7121,neutral,0,Low,,,,,https://www.Yourvalleyvoice.com/zz/lifestyle/20200410/14-retailers-with-flexible-return-policies-during-coronavirus-pandemic?rssfeed=true
Star,43931,News,14 retailers with flexible return policies during the coronavirus pandemic,Covid19,10114,neutral,0,Low,,,,,https://www.starfl.com/zz/lifestyle/20200410/14-retailers-with-flexible-return-policies-during-coronavirus-pandemic?rssfeed=true
Constitution-Tribune,43931,News,14 retailers with flexible return policies during the coronavirus pandemic,Covid19,9299,neutral,0,Low,,,,,https://www.chillicothenews.com/zz/lifestyle/20200410/14-retailers-with-flexible-return-policies-during-coronavirus-pandemic?rssfeed=true
Crestview News Bulletin,43931,News,14 retailers with flexible return policies during the coronavirus pandemic,Covid19,25986,neutral,0,Low,,,,,https://www.crestviewbulletin.com/zz/lifestyle/20200410/14-retailers-with-flexible-return-policies-during-coronavirus-pandemic?rssfeed=true
Pratt Tribune,43931,News,14 retailers with flexible return policies during the coronavirus pandemic,Covid19,11934,neutral,0,Low,,,,,https://www.pratttribune.com/zz/lifestyle/20200410/14-retailers-with-flexible-return-policies-during-coronavirus-pandemic?rssfeed=true
Pawhuska Journal-Capital,43931,News,14 retailers with flexible return policies during the coronavirus pandemic,Covid19,2621,neutral,0,Low,,,,,https://www.pawhuskajournalcapital.com/zz/lifestyle/20200410/14-retailers-with-flexible-return-policies-during-coronavirus-pandemic?rssfeed=true
Plaquemine Post South,43931,News,14 retailers with flexible return policies during the coronavirus pandemic,Covid19,6359,neutral,0,Low,,,,,https://www.postsouth.com/zz/lifestyle/20200410/14-retailers-with-flexible-return-policies-during-coronavirus-pandemic?rssfeed=true
Independence Examiner,43931,News,14 retailers with flexible return policies during the coronavirus pandemic,Covid19,29341,neutral,0,Low,,,,,https://www.examiner.net/zz/lifestyle/20200410/14-retailers-with-flexible-return-policies-during-coronavirus-pandemic?rssfeed=true
Linn County Leader,43931,News,14 retailers with flexible return policies during the coronavirus pandemic,Covid19,3855,neutral,0,Low,,,,,https://www.linncountyleader.com/zz/lifestyle/20200410/14-retailers-with-flexible-return-policies-during-coronavirus-pandemic?rssfeed=true
Kewanee Star Courier,43931,News,14 retailers with flexible return policies during the coronavirus pandemic,Covid19,10187,neutral,0,Low,,,,,https://www.starcourier.com/zz/lifestyle/20200410/14-retailers-with-flexible-return-policies-during-coronavirus-pandemic?rssfeed=true
The State Journal Register,43931,News,14 retailers with flexible return policies during the coronavirus pandemic,Covid19,265540,neutral,0,Low,,,,,https://www.sj-r.com/zz/lifestyle/20200410/14-retailers-with-flexible-return-policies-during-coronavirus-pandemic?rssfeed=true
Nevada Journal,43931,News,14 retailers with flexible return policies during the coronavirus pandemic,Covid19,2132,neutral,0,Low,,,,,https://www.nevadaiowajournal.com/zz/lifestyle/20200410/14-retailers-with-flexible-return-policies-during-coronavirus-pandemic?rssfeed=true
AliceTX.com,43931,News,14 retailers with flexible return policies during the coronavirus pandemic,Covid19,40367,neutral,0,Low,,,,,https://www.alicetx.com/zz/lifestyle/20200410/14-retailers-with-flexible-return-policies-during-coronavirus-pandemic?rssfeed=true
Kirksville Daily Express,43931,News,14 retailers with flexible return policies during the coronavirus pandemic,Covid19,9496,neutral,0,Low,,,,,https://www.kirksvilledailyexpress.com/zz/lifestyle/20200410/14-retailers-with-flexible-return-policies-during-coronavirus-pandemic?rssfeed=true
Paris Express,43931,News,14 retailers with flexible return policies during the coronavirus pandemic,Covid19,2836,neutral,0,Low,,,,,https://www.paris-express.com/zz/lifestyle/20200410/14-retailers-with-flexible-return-policies-during-coronavirus-pandemic?rssfeed=true
Southwest Times Record,43931,News,14 retailers with flexible return policies during the coronavirus pandemic,Covid19,69532,neutral,0,Low,,,,,https://www.swtimes.com/zz/lifestyle/20200410/14-retailers-with-flexible-return-policies-during-coronavirus-pandemic?rssfeed=true
Daily Comet,43931,News,14 retailers with flexible return policies during the coronavirus pandemic,Covid19,26364,neutral,0,Low,,,,,https://www.dailycomet.com/zz/lifestyle/20200410/14-retailers-with-flexible-return-policies-during-coronavirus-pandemic?rssfeed=true
YourValleyVoice.com,43931,News,14 retailers with flexible return policies during the coronavirus pandemic,Covid19,5331,neutral,0,Low,,,,,https://www.edinburgreview.com/zz/lifestyle/20200410/14-retailers-with-flexible-return-policies-during-coronavirus-pandemic?rssfeed=true
www.charlestonexpress.com,43931,News,14 retailers with flexible return policies during the coronavirus pandemic,Covid19,598,neutral,0,Low,,,,,https://www.charlestonexpress.com/zz/lifestyle/20200410/14-retailers-with-flexible-return-policies-during-coronavirus-pandemic?rssfeed=true
Hutchinson News,43931,News,14 retailers with flexible return policies during the coronavirus pandemic,Covid19,94780,neutral,0,Low,,,,,https://www.hutchnews.com/zz/lifestyle/20200410/14-retailers-with-flexible-return-policies-during-coronavirus-pandemic?rssfeed=true
Sekvoice.com,43931,News,14 retailers with flexible return policies during the coronavirus pandemic,Covid19,839,neutral,0,Low,,,,,https://www.sekvoice.com/zz/lifestyle/20200410/14-retailers-with-flexible-return-policies-during-coronavirus-pandemic?rssfeed=true
Kiowa County Signal,43931,News,14 retailers with flexible return policies during the coronavirus pandemic,Covid19,1434,neutral,0,Low,,,,,https://www.kiowacountysignal.com/zz/lifestyle/20200410/14-retailers-with-flexible-return-policies-during-coronavirus-pandemic?rssfeed=true
Grimes Today,43931,News,14 retailers with flexible return policies during the coronavirus pandemic,Covid19,562,neutral,0,Low,,,,,https://www.grimestoday.com/zz/lifestyle/20200410/14-retailers-with-flexible-return-policies-during-coronavirus-pandemic?rssfeed=true
Morton Times News,43931,News,14 retailers with flexible return policies during the coronavirus pandemic,Covid19,1785,neutral,0,Low,,,,,https://www.mortontimesnews.com/zz/lifestyle/20200410/14-retailers-with-flexible-return-policies-during-coronavirus-pandemic?rssfeed=true
The Whitehall Journal,43931,News,14 retailers with flexible return policies during the coronavirus pandemic,Covid19,4007,neutral,0,Low,,,,,https://www.whitehalljournal.com/zz/lifestyle/20200410/14-retailers-with-flexible-return-policies-during-coronavirus-pandemic?rssfeed=true
Montevideo American News,43931,News,14 retailers with flexible return policies during the coronavirus pandemic,Covid19,6234,neutral,0,Low,,,,,https://www.montenews.com/zz/lifestyle/20200410/14-retailers-with-flexible-return-policies-during-coronavirus-pandemic?rssfeed=true
East Peoria Times Courier,43931,News,14 retailers with flexible return policies during the coronavirus pandemic,Covid19,4339,neutral,0,Low,,,,,https://www.eastpeoriatimescourier.com/zz/lifestyle/20200410/14-retailers-with-flexible-return-policies-during-coronavirus-pandemic?rssfeed=true
Aledo Times Record.com,43931,News,14 retailers with flexible return policies during the coronavirus pandemic,Covid19,3166,neutral,0,Low,,,,,https://www.aledotimesrecord.com/zz/lifestyle/20200410/14-retailers-with-flexible-return-policies-during-coronavirus-pandemic?rssfeed=true
Lubbock Avalanche-Journal,43931,News,14 retailers with flexible return policies during the coronavirus pandemic,Covid19,115646,neutral,0,Low,,,,,https://www.lubbockonline.com/zz/lifestyle/20200410/14-retailers-with-flexible-return-policies-during-coronavirus-pandemic?rssfeed=true
Boone News-Republican,43931,News,14 retailers with flexible return policies during the coronavirus pandemic,Covid19,9595,neutral,0,Low,,,,,https://www.newsrepublican.com/zz/lifestyle/20200410/14-retailers-with-flexible-return-policies-during-coronavirus-pandemic?rssfeed=true
GeneseoRepublic.com,43931,News,14 retailers with flexible return policies during the coronavirus pandemic,Covid19,2066,neutral,0,Low,,,,,https://www.geneseorepublic.com/zz/lifestyle/20200410/14-retailers-with-flexible-return-policies-during-coronavirus-pandemic?rssfeed=true
www.ardmoreite.com,43931,News,14 retailers with flexible return policies during the coronavirus pandemic,Covid19,15546,neutral,0,Low,,,,,https://www.ardmoreite.com/zz/lifestyle/20200410/14-retailers-with-flexible-return-policies-during-coronavirus-pandemic?rssfeed=true
Morning Sun,43931,News,14 retailers with flexible return policies during the coronavirus pandemic,Covid19,16147,neutral,0,Low,,,,,https://www.morningsun.net/zz/lifestyle/20200410/14-retailers-with-flexible-return-policies-during-coronavirus-pandemic?rssfeed=true
Dallas County News,43931,News,14 retailers with flexible return policies during the coronavirus pandemic,Covid19,9794,neutral,0,Low,,,,,https://www.adelnews.com/zz/lifestyle/20200410/14-retailers-with-flexible-return-policies-during-coronavirus-pandemic?rssfeed=true
Pine Bluff Commercial News,43931,News,14 retailers with flexible return policies during the coronavirus pandemic,Covid19,48458,neutral,0,Low,,,,,https://www.pbcommercial.com/zz/lifestyle/20200410/14-retailers-with-flexible-return-policies-during-coronavirus-pandemic?rssfeed=true
Nevada Tri-County Times,43931,News,14 retailers with flexible return policies during the coronavirus pandemic,Covid19,3680,neutral,0,Low,,,,,https://www.tricountytimes.com/zz/lifestyle/20200410/14-retailers-with-flexible-return-policies-during-coronavirus-pandemic?rssfeed=true
The Mexico Ledger,43931,News,14 retailers with flexible return policies during the coronavirus pandemic,Covid19,14730,neutral,0,Low,,,,,https://www.mexicoledger.com/zz/lifestyle/20200410/14-retailers-with-flexible-return-policies-during-coronavirus-pandemic?rssfeed=true
Washington County News/Holmes County Times-Advertiser,43931,News,14 retailers with flexible return policies during the coronavirus pandemic,Covid19,13681,neutral,0,Low,,,,,https://www.chipleypaper.com/zz/lifestyle/20200410/14-retailers-with-flexible-return-policies-during-coronavirus-pandemic?rssfeed=true
Perry Chief,43931,News,14 retailers with flexible return policies during the coronavirus pandemic,Covid19,2381,neutral,0,Low,,,,,https://www.theperrychief.com/zz/lifestyle/20200410/14-retailers-with-flexible-return-policies-during-coronavirus-pandemic?rssfeed=true
Wellington Daily News,43931,News,14 retailers with flexible return policies during the coronavirus pandemic,Covid19,4778,neutral,0,Low,,,,,https://www.wellingtondailynews.com/zz/lifestyle/20200410/14-retailers-with-flexible-return-policies-during-coronavirus-pandemic?rssfeed=true
Moberly Monitor-Index,43931,News,14 retailers with flexible return policies during the coronavirus pandemic,Covid19,8529,neutral,0,Low,,,,,https://www.moberlymonitor.com/zz/lifestyle/20200410/14-retailers-with-flexible-return-policies-during-coronavirus-pandemic?rssfeed=true
Prosper Press,43931,News,14 retailers with flexible return policies during the coronavirus pandemic,Covid19,1122,neutral,0,Low,,,,,https://www.prosperpressnews.com/zz/lifestyle/20200410/14-retailers-with-flexible-return-policies-during-coronavirus-pandemic?rssfeed=true
Garden City Telegram,43931,News,14 retailers with flexible return policies during the coronavirus pandemic,Covid19,19182,neutral,0,Low,,,,,https://www.gctelegram.com/zz/lifestyle/20200410/14-retailers-with-flexible-return-policies-during-coronavirus-pandemic?rssfeed=true
Anna-Melissa Tribune,43931,News,14 retailers with flexible return policies during the coronavirus pandemic,Covid19,4393,neutral,0,Low,,,,,https://www.amtrib.com/zz/lifestyle/20200410/14-retailers-with-flexible-return-policies-during-coronavirus-pandemic?rssfeed=true
Van Alstyne Leader,43931,News,14 retailers with flexible return policies during the coronavirus pandemic,Covid19,1034,neutral,0,Low,,,,,https://www.vanalstyneleader.com/zz/lifestyle/20200410/14-retailers-with-flexible-return-policies-during-coronavirus-pandemic?rssfeed=true
Cambridge Chronicle,43931,News,14 retailers with flexible return policies during the coronavirus pandemic,Covid19,247,neutral,0,Low,,,,,https://www.cambridgechron.com/zz/lifestyle/20200410/14-retailers-with-flexible-return-policies-during-coronavirus-pandemic?rssfeed=true
Neosho Daily News,43931,News,14 retailers with flexible return policies during the coronavirus pandemic,Covid19,5441,neutral,0,Low,,,,,https://www.neoshodailynews.com/zz/lifestyle/20200410/14-retailers-with-flexible-return-policies-during-coronavirus-pandemic?rssfeed=true
Stephenville Empire-Tribune,43931,News,14 retailers with flexible return policies during the coronavirus pandemic,Covid19,10509,neutral,0,Low,,,,,https://www.yourstephenvilletx.com/zz/lifestyle/20200410/14-retailers-with-flexible-return-policies-during-coronavirus-pandemic?rssfeed=true
Flora County Advocate-Press,43931,News,14 retailers with flexible return policies during the coronavirus pandemic,Covid19,1546,neutral,0,Low,,,,,https://www.advocatepress.com/zz/lifestyle/20200410/14-retailers-with-flexible-return-policies-during-coronavirus-pandemic?rssfeed=true
www.waxahachietx.com,43931,News,14 retailers with flexible return policies during the coronavirus pandemic,Covid19,26990,neutral,0,Low,,,,,https://www.waxahachietx.com/zz/lifestyle/20200410/14-retailers-with-flexible-return-policies-during-coronavirus-pandemic?rssfeed=true
Gonzales Weekly Citizen,43931,News,14 retailers with flexible return policies during the coronavirus pandemic,Covid19,2866,neutral,0,Low,,,,,https://www.weeklycitizen.com/zz/lifestyle/20200410/14-retailers-with-flexible-return-policies-during-coronavirus-pandemic?rssfeed=true
Ottawaherald.com,43931,News,14 retailers with flexible return policies during the coronavirus pandemic,Covid19,18335,neutral,0,Low,,,,,https://www.ottawaherald.com/zz/lifestyle/20200410/14-retailers-with-flexible-return-policies-during-coronavirus-pandemic?rssfeed=true
GalvaNews.com,43931,News,14 retailers with flexible return policies during the coronavirus pandemic,Covid19,1180,neutral,0,Low,,,,,https://www.galvanews.com/zz/lifestyle/20200410/14-retailers-with-flexible-return-policies-during-coronavirus-pandemic?rssfeed=true
Boonville Daily News,43931,News,14 retailers with flexible return policies during the coronavirus pandemic,Covid19,7281,neutral,0,Low,,,,,https://www.boonvilledailynews.com/zz/lifestyle/20200410/14-retailers-with-flexible-return-policies-during-coronavirus-pandemic?rssfeed=true
www.news-star.com,43931,News,14 retailers with flexible return policies during the coronavirus pandemic,Covid19,36320,neutral,0,Low,,,,,https://www.news-star.com/zz/lifestyle/20200410/14-retailers-with-flexible-return-policies-during-coronavirus-pandemic?rssfeed=true
St. James Plaindealer,43931,News,14 retailers with flexible return policies during the coronavirus pandemic,Covid19,2302,neutral,0,Low,,,,,https://www.stjamesnews.com/zz/lifestyle/20200410/14-retailers-with-flexible-return-policies-during-coronavirus-pandemic?rssfeed=true
The Nueces County Record Star,43931,News,14 retailers with flexible return policies during the coronavirus pandemic,Covid19,2463,neutral,0,Low,,,,,https://www.recordstar.com/zz/lifestyle/20200410/14-retailers-with-flexible-return-policies-during-coronavirus-pandemic?rssfeed=true
www.miamiok.com,43931,News,14 retailers with flexible return policies during the coronavirus pandemic,Covid19,17832,neutral,0,Low,,,,,https://www.miamiok.com/zz/lifestyle/20200410/14-retailers-with-flexible-return-policies-during-coronavirus-pandemic?rssfeed=true
Bastrop Daily Enterprise,43931,News,14 retailers with flexible return policies during the coronavirus pandemic,Covid19,1578,neutral,0,Low,,,,,https://www.bastropenterprise.com/zz/lifestyle/20200410/14-retailers-with-flexible-return-policies-during-coronavirus-pandemic?rssfeed=true
Pekin Times,43931,News,14 retailers with flexible return policies during the coronavirus pandemic,Covid19,30570,neutral,0,Low,,,,,https://www.pekintimes.com/zz/lifestyle/20200410/14-retailers-with-flexible-return-policies-during-coronavirus-pandemic?rssfeed=true
Lake Sun Leader,43931,News,14 retailers with flexible return policies during the coronavirus pandemic,Covid19,25616,neutral,0,Low,,,,,https://www.lakenewsonline.com/zz/lifestyle/20200410/14-retailers-with-flexible-return-policies-during-coronavirus-pandemic?rssfeed=true
Canton Daily Ledger,43931,News,14 retailers with flexible return policies during the coronavirus pandemic,Covid19,9962,neutral,0,Low,,,,,https://www.cantondailyledger.com/zz/lifestyle/20200410/14-retailers-with-flexible-return-policies-during-coronavirus-pandemic?rssfeed=true
Rolla Daily News,43931,News,14 retailers with flexible return policies during the coronavirus pandemic,Covid19,46984,neutral,0,Low,,,,,https://www.therolladailynews.com/zz/lifestyle/20200410/14-retailers-with-flexible-return-policies-during-coronavirus-pandemic?rssfeed=true
Carmi Times,43931,News,14 retailers with flexible return policies during the coronavirus pandemic,Covid19,3405,neutral,0,Low,,,,,https://www.carmitimes.com/zz/lifestyle/20200410/14-retailers-with-flexible-return-policies-during-coronavirus-pandemic?rssfeed=true
McPherson Sentinel,43931,News,14 retailers with flexible return policies during the coronavirus pandemic,Covid19,7878,neutral,0,Low,,,,,https://www.mcphersonsentinel.com/zz/lifestyle/20200410/14-retailers-with-flexible-return-policies-during-coronavirus-pandemic?rssfeed=true
Pocono Record,43931,News,14 retailers with flexible return policies during the coronavirus pandemic,Covid19,116249,neutral,0,Low,,,,,https://www.poconorecord.com/zz/lifestyle/20200410/14-retailers-with-flexible-return-policies-during-coronavirus-pandemic?rssfeed=true
Burlington County Times,43931,News,14 retailers with flexible return policies during the coronavirus pandemic,Covid19,195113,neutral,0,Low,,,,,https://www.burlingtoncountytimes.com/zz/lifestyle/20200410/14-retailers-with-flexible-return-policies-during-coronavirus-pandemic?rssfeed=true
telegram.com,43931,News,14 retailers with flexible return policies during the coronavirus pandemic,Covid19,666795,neutral,0,Low,,,,,https://www.telegram.com/zz/lifestyle/20200410/14-retailers-with-flexible-return-policies-during-coronavirus-pandemic
www.lenconnect.com,43931,News,14 retailers with flexible return policies during the coronavirus pandemic,Covid19,50562,neutral,0,Low,,,,,https://www.lenconnect.com/zz/lifestyle/20200410/14-retailers-with-flexible-return-policies-during-coronavirus-pandemic?rssfeed=true
The Ledger,43931,News,14 retailers with flexible return policies during the coronavirus pandemic,Covid19,751253,neutral,0,Low,,,,,https://www.theledger.com/zz/lifestyle/20200410/14-retailers-with-flexible-return-policies-during-coronavirus-pandemic?rssfeed=true
www.wilmingtonstar.com,43931,News,14 retailers with flexible return policies during the coronavirus pandemic,Covid19,234884,neutral,0,Low,,,,,https://www.starnewsonline.com/zz/lifestyle/20200410/14-retailers-with-flexible-return-policies-during-coronavirus-pandemic?rssfeed=true
newportmercury.com,43931,News,14 retailers with flexible return policies during the coronavirus pandemic,Covid19,44183,neutral,0,Low,,,,,https://www.newportri.com/zz/lifestyle/20200410/14-retailers-with-flexible-return-policies-during-coronavirus-pandemic?rssfeed=true
The Palm Beach Post,43931,News,14 retailers with flexible return policies during the coronavirus pandemic,Covid19,1544072,neutral,0,Medium,,,,,https://www.palmbeachpost.com/zz/lifestyle/20200410/14-retailers-with-flexible-return-policies-during-coronavirus-pandemic?rssfeed=true
Savannah Morning News,43931,News,14 retailers with flexible return policies during the coronavirus pandemic,Covid19,434235,neutral,0,Low,,,,,https://www.savannahnow.com/zz/lifestyle/20200410/14-retailers-with-flexible-return-policies-during-coronavirus-pandemic?rssfeed=true
Fayetteville Observer,43931,News,14 retailers with flexible return policies during the coronavirus pandemic,Covid19,342491,neutral,0,Low,,,,,https://www.fayobserver.com/zz/lifestyle/20200410/14-retailers-with-flexible-return-policies-during-coronavirus-pandemic?rssfeed=true
Kinston Free Press,43931,News,14 retailers with flexible return policies during the coronavirus pandemic,Covid19,16318,neutral,0,Low,,,,,https://www.kinston.com/zz/lifestyle/20200410/14-retailers-with-flexible-return-policies-during-coronavirus-pandemic?rssfeed=true
Middletown Transcript,43931,News,14 retailers with flexible return policies during the coronavirus pandemic,Covid19,14008,neutral,0,Low,,,,,https://www.middletowntranscript.com/zz/lifestyle/20200410/14-retailers-with-flexible-return-policies-during-coronavirus-pandemic?rssfeed=true
Shelby Star,43931,News,14 retailers with flexible return policies during the coronavirus pandemic,Covid19,76613,neutral,0,Low,,,,,https://www.shelbystar.com/zz/lifestyle/20200410/14-retailers-with-flexible-return-policies-during-coronavirus-pandemic?rssfeed=true
The Daily Reporter,43931,News,14 retailers with flexible return policies during the coronavirus pandemic,Covid19,8262,neutral,0,Low,,,,,https://www.thedailyreporter.com/zz/lifestyle/20200410/14-retailers-with-flexible-return-policies-during-coronavirus-pandemic?rssfeed=true
Augusta Chronicle,43931,News,14 retailers with flexible return policies during the coronavirus pandemic,Covid19,253671,neutral,0,Low,,,,,https://www.augustachronicle.com/zz/lifestyle/20200410/14-retailers-with-flexible-return-policies-during-coronavirus-pandemic?rssfeed=true
Beaver County Times,43931,News,14 retailers with flexible return policies during the coronavirus pandemic,Covid19,108623,neutral,0,Low,,,,,https://www.timesonline.com/zz/lifestyle/20200410/14-retailers-with-flexible-return-policies-during-coronavirus-pandemic?rssfeed=true
Daily Messenger,43931,News,14 retailers with flexible return policies during the coronavirus pandemic,Covid19,179050,neutral,0,Low,,,,,https://www.mpnnow.com/zz/lifestyle/20200410/14-retailers-with-flexible-return-policies-during-coronavirus-pandemic?rssfeed=true
Sun Journal,43931,News,14 retailers with flexible return policies during the coronavirus pandemic,Covid19,61554,neutral,0,Low,,,,,https://www.newbernsj.com/zz/lifestyle/20200410/14-retailers-with-flexible-return-policies-during-coronavirus-pandemic?rssfeed=true
Wooster Daily Record,43931,News,14 retailers with flexible return policies during the coronavirus pandemic,Covid19,308573,neutral,0,Low,,,,,https://www.the-daily-record.com/zz/lifestyle/20200410/14-retailers-with-flexible-return-policies-during-coronavirus-pandemic?rssfeed=true
Marie Evening News,43931,News,14 retailers with flexible return policies during the coronavirus pandemic,Covid19,11875,neutral,0,Low,,,,,https://www.sooeveningnews.com/zz/lifestyle/20200410/14-retailers-with-flexible-return-policies-during-coronavirus-pandemic?rssfeed=true
Spartanburg Herald-Journal,43931,News,14 retailers with flexible return policies during the coronavirus pandemic,Covid19,190862,neutral,0,Low,,,,,https://www.goupstate.com/zz/lifestyle/20200410/14-retailers-with-flexible-return-policies-during-coronavirus-pandemic?rssfeed=true
www.dailycommercial.com,43931,News,14 retailers with flexible return policies during the coronavirus pandemic,Covid19,84199,neutral,0,Low,,,,,https://www.dailycommercial.com/zz/lifestyle/20200410/14-retailers-with-flexible-return-policies-during-coronavirus-pandemic?rssfeed=true
Monroe Evening News,43931,News,14 retailers with flexible return policies during the coronavirus pandemic,Covid19,155265,neutral,0,Low,,,,,https://www.monroenews.com/zz/lifestyle/20200410/14-retailers-with-flexible-return-policies-during-coronavirus-pandemic?rssfeed=true
Sarasota Herald-Tribune,43931,News,14 retailers with flexible return policies during the coronavirus pandemic,Covid19,1576224,neutral,0,Medium,,,,,https://www.heraldtribune.com/zz/lifestyle/20200410/14-retailers-with-flexible-return-policies-during-coronavirus-pandemic?rssfeed=true
Aurora Advocate,43931,News,14 retailers with flexible return policies during the coronavirus pandemic,Covid19,37746,neutral,0,Low,,,,,https://www.mytownneo.com/zz/lifestyle/20200410/14-retailers-with-flexible-return-policies-during-coronavirus-pandemic?rssfeed=true
Norwich Bulletin,43931,News,14 retailers with flexible return policies during the coronavirus pandemic,Covid19,142985,neutral,0,Low,,,,,https://www.norwichbulletin.com/zz/lifestyle/20200410/14-retailers-with-flexible-return-policies-during-coronavirus-pandemic?rssfeed=true
Ellwood City Ledger,43931,News,14 retailers with flexible return policies during the coronavirus pandemic,Covid19,26533,neutral,0,Low,,,,,https://www.ellwoodcityledger.com/zz/lifestyle/20200410/14-retailers-with-flexible-return-policies-during-coronavirus-pandemic?rssfeed=true
GoErie.com,43931,News,14 retailers with flexible return policies during the coronavirus pandemic,Covid19,398510,neutral,0,Low,,,,,https://www.goerie.com/zz/lifestyle/20200410/14-retailers-with-flexible-return-policies-during-coronavirus-pandemic?rssfeed=true
The Intelligencer,43931,News,14 retailers with flexible return policies during the coronavirus pandemic,Covid19,95836,neutral,0,Low,,,,,https://www.theintell.com/zz/lifestyle/20200410/14-retailers-with-flexible-return-policies-during-coronavirus-pandemic?rssfeed=true
Bucks County Courier Times,43931,News,14 retailers with flexible return policies during the coronavirus pandemic,Covid19,134396,neutral,0,Low,,,,,https://www.buckscountycouriertimes.com/zz/lifestyle/20200410/14-retailers-with-flexible-return-policies-during-coronavirus-pandemic?rssfeed=true
seacoastonline.com,43931,News,14 retailers with flexible return policies during the coronavirus pandemic,Covid19,200187,neutral,0,Low,,,,,https://www.seacoastonline.com/zz/lifestyle/20200410/14-retailers-with-flexible-return-policies-during-coronavirus-pandemic?rssfeed=true
The Florida Times-Union,43931,News,14 retailers with flexible return policies during the coronavirus pandemic,Covid19,747563,neutral,0,Low,,,,,https://www.jacksonville.com/zz/lifestyle/20200410/14-retailers-with-flexible-return-policies-during-coronavirus-pandemic?rssfeed=true
gm5-lkweb.newscyclecloud.com,43931,News,14 retailers with flexible return policies during the coronavirus pandemic,Covid19,10546,neutral,0,Low,,,,,http://GM5-LKweb.newscyclecloud.com/zz/lifestyle/20200410/14-retailers-with-flexible-return-policies-during-coronavirus-pandemic?rssfeed=true
Daily-Jeff,43931,News,14 retailers with flexible return policies during the coronavirus pandemic,Covid19,45066,neutral,0,Low,,,,,https://www.daily-jeff.com/zz/lifestyle/20200410/14-retailers-with-flexible-return-policies-during-coronavirus-pandemic?rssfeed=true
Ionia Sentinel-Standard,43931,News,14 retailers with flexible return policies during the coronavirus pandemic,Covid19,39695,neutral,0,Low,,,,,https://www.sentinel-standard.com/zz/lifestyle/20200410/14-retailers-with-flexible-return-policies-during-coronavirus-pandemic?rssfeed=true
Hendersonville Times-News,43931,News,14 retailers with flexible return policies during the coronavirus pandemic,Covid19,70568,neutral,0,Low,,,,,https://www.blueridgenow.com/zz/lifestyle/20200410/14-retailers-with-flexible-return-policies-during-coronavirus-pandemic?rssfeed=true
The Milford Beacon,43931,News,14 retailers with flexible return policies during the coronavirus pandemic,Covid19,2246,neutral,0,Low,,,,,https://www.milfordbeacon.com/zz/lifestyle/20200410/14-retailers-with-flexible-return-policies-during-coronavirus-pandemic?rssfeed=true
The Suburbanite,43931,News,14 retailers with flexible return policies during the coronavirus pandemic,Covid19,11863,neutral,0,Low,,,,,https://www.thesuburbanite.com/zz/lifestyle/20200410/14-retailers-with-flexible-return-policies-during-coronavirus-pandemic?rssfeed=true
Wayne Post,43931,News,14 retailers with flexible return policies during the coronavirus pandemic,Covid19,4391,neutral,0,Low,,,,,https://www.waynepost.com/zz/lifestyle/20200410/14-retailers-with-flexible-return-policies-during-coronavirus-pandemic?rssfeed=true
Sun Times,43931,News,14 retailers with flexible return policies during the coronavirus pandemic,Covid19,24471,neutral,0,Low,,,,,https://www.scsuntimes.com/zz/lifestyle/20200410/14-retailers-with-flexible-return-policies-during-coronavirus-pandemic?rssfeed=true
Providence Journal,43931,News,14 retailers with flexible return policies during the coronavirus pandemic,Covid19,958165,neutral,0,Low,,,,,https://www.providencejournal.com/zz/lifestyle/20200410/14-retailers-with-flexible-return-policies-during-coronavirus-pandemic?rssfeed=true
The Independent,43931,News,14 retailers with flexible return policies during the coronavirus pandemic,Covid19,77728,neutral,0,Low,,,,,https://www.indeonline.com/zz/lifestyle/20200410/14-retailers-with-flexible-return-policies-during-coronavirus-pandemic?rssfeed=true
Barnesville Enterprise,43931,News,14 retailers with flexible return policies during the coronavirus pandemic,Covid19,1585,neutral,0,Low,,,,,https://www.barnesville-enterprise.com/zz/lifestyle/20200410/14-retailers-with-flexible-return-policies-during-coronavirus-pandemic?rssfeed=true
St Augustine Herald,43931,News,14 retailers with flexible return policies during the coronavirus pandemic,Covid19,107289,neutral,0,Low,,,,,https://www.staugustine.com/zz/lifestyle/20200410/14-retailers-with-flexible-return-policies-during-coronavirus-pandemic?rssfeed=true
Holland Sentinel,43931,News,14 retailers with flexible return policies during the coronavirus pandemic,Covid19,130302,neutral,0,Low,,,,,https://www.hollandsentinel.com/zz/lifestyle/20200410/14-retailers-with-flexible-return-policies-during-coronavirus-pandemic?rssfeed=true
Burlington Times-News,43931,News,14 retailers with flexible return policies during the coronavirus pandemic,Covid19,122744,neutral,0,Low,,,,,https://www.thetimesnews.com/zz/lifestyle/20200410/14-retailers-with-flexible-return-policies-during-coronavirus-pandemic?rssfeed=true
Fairport-East Rochester Post,43931,News,14 retailers with flexible return policies during the coronavirus pandemic,Covid19,6192,neutral,0,Low,,,,,https://www.monroecopost.com/zz/lifestyle/20200410/14-retailers-with-flexible-return-policies-during-coronavirus-pandemic
Petersburg Progress-Index,43931,News,14 retailers with flexible return policies during the coronavirus pandemic,Covid19,35154,neutral,0,Low,,,,,https://www.progress-index.com/zz/lifestyle/20200410/14-retailers-with-flexible-return-policies-during-coronavirus-pandemic
Ashland Times Gazette,43931,News,14 retailers with flexible return policies during the coronavirus pandemic,Covid19,41552,neutral,0,Low,,,,,https://www.times-gazette.com/zz/lifestyle/20200410/14-retailers-with-flexible-return-policies-during-coronavirus-pandemic
Times Reporter,43931,News,14 retailers with flexible return policies during the coronavirus pandemic,Covid19,80429,neutral,0,Low,,,,,https://www.timesreporter.com/zz/lifestyle/20200410/14-retailers-with-flexible-return-policies-during-coronavirus-pandemic?rssfeed=true
Little Falls Evening Times,43931,News,14 retailers with flexible return policies during the coronavirus pandemic,Covid19,23734,neutral,0,Low,,,,,https://www.timestelegram.com/zz/lifestyle/20200410/14-retailers-with-flexible-return-policies-during-coronavirus-pandemic?rssfeed=true
Gaston Gazette,43931,News,14 retailers with flexible return policies during the coronavirus pandemic,Covid19,146411,neutral,0,Low,,,,,https://www.gastongazette.com/zz/lifestyle/20200410/14-retailers-with-flexible-return-policies-during-coronavirus-pandemic?rssfeed=true
Sturgis Journal,43931,News,14 retailers with flexible return policies during the coronavirus pandemic,Covid19,13576,neutral,0,Low,,,,,https://www.sturgisjournal.com/zz/lifestyle/20200410/14-retailers-with-flexible-return-policies-during-coronavirus-pandemic?rssfeed=true
Cheboygan Daily Tribune,43931,News,14 retailers with flexible return policies during the coronavirus pandemic,Covid19,7404,neutral,0,Low,,,,,https://www.cheboygannews.com/zz/lifestyle/20200410/14-retailers-with-flexible-return-policies-during-coronavirus-pandemic
Sussex Countian,43931,News,14 retailers with flexible return policies during the coronavirus pandemic,Covid19,7751,neutral,0,Low,,,,,https://www.sussexcountian.com/zz/lifestyle/20200410/14-retailers-with-flexible-return-policies-during-coronavirus-pandemic?rssfeed=true
South Coast Today,43931,News,14 retailers with flexible return policies during the coronavirus pandemic,Covid19,253640,neutral,0,Low,,,,,https://www.southcoasttoday.com/zz/lifestyle/20200410/14-retailers-with-flexible-return-policies-during-coronavirus-pandemic?rssfeed=true
Jacksonville Daily News,43931,News,14 retailers with flexible return policies during the coronavirus pandemic,Covid19,95876,neutral,0,Low,,,,,https://www.jdnews.com/zz/lifestyle/20200410/14-retailers-with-flexible-return-policies-during-coronavirus-pandemic?rssfeed=true
Foster's Daily Democrat,43931,News,14 retailers with flexible return policies during the coronavirus pandemic,Covid19,178148,neutral,0,Low,,,,,https://www.fosters.com/zz/lifestyle/20200410/14-retailers-with-flexible-return-policies-during-coronavirus-pandemic?rssfeed=true
Akron Beacon Journal,43931,News,14 retailers with flexible return policies during the coronavirus pandemic,Covid19,359245,neutral,0,Low,,,,,https://www.beaconjournal.com/zz/lifestyle/20200410/14-retailers-with-flexible-return-policies-during-coronavirus-pandemic
Recordnet.com,43931,News,14 retailers with flexible return policies during the coronavirus pandemic,Covid19,243130,neutral,0,Low,,,,,https://www.recordnet.com/zz/lifestyle/20200410/14-retailers-with-flexible-return-policies-during-coronavirus-pandemic?rssfeed=true
Mount Shasta News,43931,News,14 retailers with flexible return policies during the coronavirus pandemic,Covid19,10109,neutral,0,Low,,,,,https://www.mtshastanews.com/zz/lifestyle/20200410/14-retailers-with-flexible-return-policies-during-coronavirus-pandemic?rssfeed=true
Taft Midway Driller,43931,News,14 retailers with flexible return policies during the coronavirus pandemic,Covid19,7026,neutral,0,Low,,,,,https://www.taftmidwaydriller.com/zz/lifestyle/20200410/14-retailers-with-flexible-return-policies-during-coronavirus-pandemic?rssfeed=true
www.vvdailypress.com,43931,News,14 retailers with flexible return policies during the coronavirus pandemic,Covid19,165085,neutral,0,Low,,,,,https://www.vvdailypress.com/zz/lifestyle/20200410/14-retailers-with-flexible-return-policies-during-coronavirus-pandemic?rssfeed=true
Northwest Florida Daily News,43931,News,14 retailers with flexible return policies during the coronavirus pandemic,Covid19,364997,neutral,0,Low,,,,,https://www.nwfdailynews.com/zz/lifestyle/20200410/14-retailers-with-flexible-return-policies-during-coronavirus-pandemic?rssfeed=true
Panama City News Herald,43931,News,14 retailers with flexible return policies during the coronavirus pandemic,Covid19,139213,neutral,0,Low,,,,,https://www.newsherald.com/zz/lifestyle/20200410/14-retailers-with-flexible-return-policies-during-coronavirus-pandemic?rssfeed=true
The Wellsville Daily Reporter,43931,News,14 retailers with flexible return policies during the coronavirus pandemic,Covid19,15707,neutral,0,Low,,,,,https://www.wellsvilledaily.com/zz/lifestyle/20200410/14-retailers-with-flexible-return-policies-during-coronavirus-pandemic?rssfeed=true
Hornell Evening Tribune,43931,News,14 retailers with flexible return policies during the coronavirus pandemic,Covid19,49770,neutral,0,Low,,,,,https://www.eveningtribune.com/zz/lifestyle/20200410/14-retailers-with-flexible-return-policies-during-coronavirus-pandemic?rssfeed=true
www.tricountyindependent.com,43931,News,14 retailers with flexible return policies during the coronavirus pandemic,Covid19,7873,neutral,0,Low,,,,,https://www.tricountyindependent.com/zz/lifestyle/20200410/14-retailers-with-flexible-return-policies-during-coronavirus-pandemic?rssfeed=true
The Chronicle Express,43931,News,14 retailers with flexible return policies during the coronavirus pandemic,Covid19,7283,neutral,0,Low,,,,,https://www.chronicle-express.com/zz/lifestyle/20200410/14-retailers-with-flexible-return-policies-during-coronavirus-pandemic?rssfeed=true
Echo-Pilot,43931,News,14 retailers with flexible return policies during the coronavirus pandemic,Covid19,5263,neutral,0,Low,,,,,https://www.echo-pilot.com/zz/lifestyle/20200410/14-retailers-with-flexible-return-policies-during-coronavirus-pandemic?rssfeed=true
The Repository,43931,News,14 retailers with flexible return policies during the coronavirus pandemic,Covid19,847859,neutral,0,Low,,,,,https://www.cantonrep.com/zz/lifestyle/20200410/14-retailers-with-flexible-return-policies-during-coronavirus-pandemic?rssfeed=true
Gainesville Sun,43931,News,14 retailers with flexible return policies during the coronavirus pandemic,Covid19,517000,neutral,0,Low,,,,,https://www.gainesville.com/zz/lifestyle/20200410/14-retailers-with-flexible-return-policies-during-coronavirus-pandemic?rssfeed=true
Columbia Daily Tribune,43931,News,14 retailers with flexible return policies during the coronavirus pandemic,Covid19,146392,neutral,0,Low,,,,,https://www.columbiatribune.com/zz/lifestyle/20200410/14-retailers-with-flexible-return-policies-during-coronavirus-pandemic?rssfeed=true
The Ames Tribune,43931,News,14 retailers with flexible return policies during the coronavirus pandemic,Covid19,71098,neutral,0,Low,,,,,https://www.amestrib.com/zz/lifestyle/20200410/14-retailers-with-flexible-return-policies-during-coronavirus-pandemic?rssfeed=true
Bartlesville Examiner-Enterprise,43931,News,14 retailers with flexible return policies during the coronavirus pandemic,Covid19,24546,neutral,0,Low,,,,,https://www.examiner-enterprise.com/zz/lifestyle/20200410/14-retailers-with-flexible-return-policies-during-coronavirus-pandemic?rssfeed=true
Statesman,43931,News,"14 retailers with flexible return policies during the coronavirus pandemic - Lifestyle - Austin American-Statesman - Austin, TX",Covid19,2164939,neutral,0,Medium,,,,,https://www.statesman.com/zz/lifestyle/20200410/14-retailers-with-flexible-return-policies-during-coronavirus-pandemic
Pueblo Chieftain,43931,News,14 retailers with flexible return policies during the coronavirus pandemic,Covid19,134466,neutral,0,Low,,,,,https://www.chieftain.com/zz/lifestyle/20200410/14-retailers-with-flexible-return-policies-during-coronavirus-pandemic?rssfeed=true
La Junta Tribune,43931,News,14 retailers with flexible return policies during the coronavirus pandemic,Covid19,7301,neutral,0,Low,,,,,https://www.lajuntatribunedemocrat.com/zz/lifestyle/20200410/14-retailers-with-flexible-return-policies-during-coronavirus-pandemic?rssfeed=true
Fowler Tribune,43931,News,14 retailers with flexible return policies during the coronavirus pandemic,Covid19,3029,neutral,0,Low,,,,,https://www.fowlertribune.com/zz/lifestyle/20200410/14-retailers-with-flexible-return-policies-during-coronavirus-pandemic?rssfeed=true
Ag Journal,43931,News,14 retailers with flexible return policies during the coronavirus pandemic,Covid19,2813,neutral,0,Low,,,,,https://www.agjournalonline.com/zz/lifestyle/20200410/14-retailers-with-flexible-return-policies-during-coronavirus-pandemic?rssfeed=true
Women's Wear Daily,43931,News,Candles Burn Bright Amid Coronavirus Pandemic,Covid19,750120,positive,0,Low,,,,,https://wwd.com/beauty-industry-news/beauty-features/candles-burn-bright-amid-coronavirus-pandemic-1203556807/
Ad Age,43931,News,Ad industry rallies to pair laid-off workers with jobs as unemployment rates surge,Covid19,1334045,neutral,0,Low,,,,,https://adage.com/article/agency-news/ad-industry-rallies-pair-laid-workers-jobs-unemployment-rates-surge/2249351
Telemundo Utah,43931,News,Empleados de almacén en Utah preocupados por contagios de COVID-19 dentro de la compañía,Covid19,,neutral,N/A,Low,,,,Media Relations,https://www.telemundoutah.com/local/empleados-de-almacen-en-utah-preocupados-por-contagios-de-covid-19-dentro-de-la-compania/1993590/
Carmon Report,43931,Blog,"Best online sales after coronavirus store closures: Sephora, Nordstrom and more",Covid19,1965,positive,0,Low,,,,,https://carmonreport.com/fashion/best-online-sales-after-coronavirus-store-closures-sephora-nordstrom-and-more/
Dover Post,43931,News,14 retailers with flexible return policies during the coronavirus pandemic,Covid19,141879,neutral,0,Low,,,,,https://www.doverpost.com/zz/lifestyle/20200410/14-retailers-with-flexible-return-policies-during-coronavirus-pandemic
Lady Click,43931,News,"Retailers are dangling deals online amid coronavirus, but shoppers may not show up",Covid19,1486,neutral,0,Low,,,,,http://www.ladyclick.info/retailers-are-dangling-deals-online-amid-coronavirus-but-shoppers-may-not-show-up/
Devils Lake Journal,43931,News,14 retailers with flexible return policies during the coronavirus pandemic,Covid19,7661,neutral,0,Low,,,,,https://www.devilslakejournal.com/zz/lifestyle/20200410/14-retailers-with-flexible-return-policies-during-coronavirus-pandemic?rssfeed=true
Grand Lake News,43931,News,14 retailers with flexible return policies during the coronavirus pandemic,Covid19,9985,neutral,0,Low,,,,,https://www.grandlakenews.com/zz/lifestyle/20200410/14-retailers-with-flexible-return-policies-during-coronavirus-pandemic?rssfeed=true
Santa Rosa Press Gazette,43931,News,14 retailers with flexible return policies during the coronavirus pandemic,Covid19,23242,neutral,0,Low,,,,,https://www.srpressgazette.com/zz/lifestyle/20200410/14-retailers-with-flexible-return-policies-during-coronavirus-pandemic?rssfeed=true
www.amarillo.com,43931,News,14 retailers with flexible return policies during the coronavirus pandemic,Covid19,60455,neutral,0,Low,,,,,https://www.amarillo.com/zz/lifestyle/20200410/14-retailers-with-flexible-return-policies-during-coronavirus-pandemic?rssfeed=true
Washington Times Reporter,43931,News,14 retailers with flexible return policies during the coronavirus pandemic,Covid19,1178,neutral,0,Low,,,,,https://www.washingtontimesreporter.com/zz/lifestyle/20200410/14-retailers-with-flexible-return-policies-during-coronavirus-pandemic?rssfeed=true
Journal Star,43931,News,14 retailers with flexible return policies during the coronavirus pandemic,Covid19,431051,neutral,0,Low,,,,,https://www.pjstar.com/zz/lifestyle/20200410/14-retailers-with-flexible-return-policies-during-coronavirus-pandemic
Orion Gazette,43931,News,14 retailers with flexible return policies during the coronavirus pandemic,Covid19,181,neutral,0,Low,,,,,https://www.oriongazette.com/zz/lifestyle/20200410/14-retailers-with-flexible-return-policies-during-coronavirus-pandemic
Hillsdale.net,43931,News,14 retailers with flexible return policies during the coronavirus pandemic,Covid19,36597,neutral,0,Low,,,,,https://www.hillsdale.net/zz/lifestyle/20200410/14-retailers-with-flexible-return-policies-during-coronavirus-pandemic?rssfeed=true
Fairport-East Rochester Post,43931,News,14 retailers with flexible return policies during the coronavirus pandemic,Covid19,6192,neutral,0,Low,,,,,https://www.monroecopost.com/zz/lifestyle/20200410/14-retailers-with-flexible-return-policies-during-coronavirus-pandemic?rssfeed=true
Newcomerstown News,43931,News,14 retailers with flexible return policies during the coronavirus pandemic,Covid19,452,neutral,0,Low,,,,,https://www.newcomerstown-news.com/zz/lifestyle/20200410/14-retailers-with-flexible-return-policies-during-coronavirus-pandemic
Cheboygan Daily Tribune,43931,News,14 retailers with flexible return policies during the coronavirus pandemic,Covid19,7404,neutral,0,Low,,,,,https://www.cheboygannews.com/zz/lifestyle/20200410/14-retailers-with-flexible-return-policies-during-coronavirus-pandemic?rssfeed=true
Bluffton Today,43931,News,14 retailers with flexible return policies during the coronavirus pandemic,Covid19,19257,neutral,0,Low,,,,,https://www.blufftontoday.com/zz/lifestyle/20200410/14-retailers-with-flexible-return-policies-during-coronavirus-pandemic
Hockessin Community News,43931,News,14 retailers with flexible return policies during the coronavirus pandemic,Covid19,4008,neutral,0,Low,,,,,https://www.hockessincommunitynews.com/zz/lifestyle/20200410/14-retailers-with-flexible-return-policies-during-coronavirus-pandemic
Alliance Review,43931,News,14 retailers with flexible return policies during the coronavirus pandemic,Covid19,67466,neutral,0,Low,,,,,https://www.the-review.com/zz/lifestyle/20200410/14-retailers-with-flexible-return-policies-during-coronavirus-pandemic
Waynesboro Record Herald,43931,News,14 retailers with flexible return policies during the coronavirus pandemic,Covid19,15208,neutral,0,Low,,,,,https://www.therecordherald.com/zz/lifestyle/20200410/14-retailers-with-flexible-return-policies-during-coronavirus-pandemic
Jackson Newspapers,43931,News,14 retailers with flexible return policies during the coronavirus pandemic,Covid19,8888,neutral,0,Low,,,,,https://www.jacksonnewspapers.com/zz/lifestyle/20200410/14-retailers-with-flexible-return-policies-during-coronavirus-pandemic
MSN,43931,News,Sephora closes Olive Branch warehouse after employee tests positive for COVID-19,Covid19,197008394,positive,0,Medium,,,,,https://www.msn.com/en-us/news/us/sephora-closes-olive-branch-warehouse-after-employee-tests-positive-for-covid-19/ar-BB12rFd0
knowauthentic.com,43931,News,"Candles, Diffusers, Room Sprays Are Selling Out During Coronavirus â€“ WWD",Covid19,2405,neutral,0,Low,,,,,http://www.knowauthentic.com/beauty/candles-diffusers-room-sprays-are-selling-out-during-coronavirus-wwd/
Yahoo! News,43931,News,"Companies struggling to retain staff face tough choice: Slash 401(k) plans, cut salaries or furlough workers?",Covid19,69429573,neutral,0,Medium,,,,,https://news.yahoo.com/companies-struggling-retain-staff-face-210500787.html
Hot Lifestyle News,43931,News,"50+ Stores Offering Free Shipping, Extended Returns, and More Incredible Offers Right Now",Covid19,12594,positive,0,Low,,,,,https://hotlifestylenews.com/lifestyle/50-stores-offering-free-shipping-extended-returns-and-more-incredible-offers-right-now/
Telemundo Utah,43932,News,"“No les importa la salud de la gente”, empleados de almacén en Utah siguen trabajando tras casos positivos de COVID-19",Covid19,,neutral,N/A,Low,,,,Media Relations,https://www.telemundoutah.com/local/no-les-importa-la-salud-de-la-gente-empleados-de-almacen-en-utah-siguen-trabajando-tras-casos-positivos-de-covid-19/1993702/
New York Times,43932,News,How the Virus Transformed the Way Americans Spend Their Money,Covid19,118000000,neutral,N/A,Medium,,,,,https://www.nytimes.com/interactive/2020/04/11/business/economy/coronavirus-us-economy-spending.html
Corning Leader,43932,News,"14 retailers with flexible return policies during the coronavirus pandemic - Lifestyle - The Leader - Corning, NY",Covid19,19238,neutral,0,Low,,,,,https://www.the-leader.com/zz/lifestyle/20200410/14-retailers-with-flexible-return-policies-during-coronavirus-pandemic?rssfeed=true
ABC30,43932,News,"Coronavirus: How Central California hospitals, government agencies, businesses are fighting COVID-19",Covid19,1090746,neutral,17,Medium,,,,,https://abc30.com/coronavirus-in-central-california-cases-corona-virus-the-valley/6019705/
NBC News,43932,News,"Companies struggling to retain staff face tough choice: Slash 401(k) plans, cut salaries or furlough workers?",Covid19,73049033,neutral,576,Medium,,,,,https://www.nbcnews.com/business/consumer/companies-struggling-retain-staff-face-tough-choice-slash-401-k-n1181146
ESSENCE,43932,News,Exclusive: Inside Sephoraâ€™s Mass Layoffs And Full COVID-19 Response Plan,Covid19,2551231,neutral,4,Medium,,,,Media Relations,https://www.essence.com/feature/exclusive-inside-sephoras-recent-mass-layoffs/
beautytap.com,43934,News,How COVID-19 Is Changing the Beauty Industry â€” & Why It May Never Look the Same Again,Covid19,46646,neutral,0,Low,,,,,https://beautytap.com/2020/04/pandemic-is-changing-the-beauty-industry/
